observation_date,GASDESW
3/21/94,1.106
3/28/94,1.107
4/4/94,1.109
4/11/94,1.108
4/18/94,1.105
4/25/94,1.106
5/2/94,1.104
5/9/94,1.101
5/16/94,1.099
5/23/94,1.099
5/30/94,1.098
6/6/94,1.101
6/13/94,1.098
6/20/94,1.103
6/27/94,1.108
7/4/94,1.109
7/11/94,1.11
7/18/94,1.111
7/25/94,1.111
8/1/94,1.116
8/8/94,1.127
8/15/94,1.127
8/22/94,1.124
8/29/94,1.122
9/5/94,1.126
9/12/94,1.128
9/19/94,1.126
9/26/94,1.12
10/3/94,1.118
10/10/94,1.117
10/17/94,1.119
10/24/94,1.122
10/31/94,1.133
11/7/94,1.133
11/14/94,1.135
11/21/94,1.13
11/28/94,1.126
12/5/94,1.123
12/12/94,1.114
12/19/94,1.109
12/26/94,1.106
1/2/95,1.104
1/9/95,1.102
1/16/95,1.1
1/23/95,1.095
1/30/95,1.09
2/6/95,1.086
2/13/95,1.088
2/20/95,1.088
2/27/95,1.089
3/6/95,1.089
3/13/95,1.088
3/20/95,1.085
3/27/95,1.088
4/3/95,1.094
4/10/95,1.101
4/17/95,1.106
4/24/95,1.115
5/1/95,1.119
5/8/95,1.126
5/15/95,1.126
5/22/95,1.124
5/29/95,1.13
6/5/95,1.124
6/12/95,1.122
6/19/95,1.117
6/26/95,1.112
7/3/95,1.106
7/10/95,1.103
7/17/95,1.099
7/24/95,1.098
7/31/95,1.093
8/7/95,1.099
8/14/95,1.106
8/21/95,1.106
8/28/95,1.109
9/4/95,1.115
9/11/95,1.119
9/18/95,1.122
9/25/95,1.121
10/2/95,1.117
10/9/95,1.117
10/16/95,1.117
10/23/95,1.114
10/30/95,1.11
11/6/95,1.118
11/13/95,1.118
11/20/95,1.119
11/27/95,1.124
12/4/95,1.123
12/11/95,1.124
12/18/95,1.13
12/25/95,1.141
1/1/96,1.148
1/8/96,1.146
1/15/96,1.152
1/22/96,1.144
1/29/96,1.136
2/5/96,1.13
2/12/96,1.134
2/19/96,1.151
2/26/96,1.164
3/4/96,1.175
3/11/96,1.173
3/18/96,1.172
3/25/96,1.21
4/1/96,1.222
4/8/96,1.249
4/15/96,1.305
4/22/96,1.304
4/29/96,1.285
5/6/96,1.292
5/13/96,1.285
5/20/96,1.274
5/27/96,1.254
6/3/96,1.24
6/10/96,1.215
6/17/96,1.193
6/24/96,1.179
7/1/96,1.172
7/8/96,1.173
7/15/96,1.178
7/22/96,1.184
7/29/96,1.178
8/5/96,1.184
8/12/96,1.191
8/19/96,1.206
8/26/96,1.222
9/2/96,1.231
9/9/96,1.25
9/16/96,1.276
9/23/96,1.277
9/30/96,1.289
10/7/96,1.308
10/14/96,1.326
10/21/96,1.329
10/28/96,1.329
11/4/96,1.323
11/11/96,1.316
11/18/96,1.324
11/25/96,1.327
12/2/96,1.323
12/9/96,1.32
12/16/96,1.307
12/23/96,1.3
12/30/96,1.295
1/6/97,1.291
1/13/97,1.296
1/20/97,1.293
1/27/97,1.283
2/3/97,1.288
2/10/97,1.285
2/17/97,1.278
2/24/97,1.269
3/3/97,1.252
3/10/97,1.23
3/17/97,1.22
3/24/97,1.22
3/31/97,1.225
4/7/97,1.217
4/14/97,1.216
4/21/97,1.211
4/28/97,1.205
5/5/97,1.205
5/12/97,1.191
5/19/97,1.191
5/26/97,1.196
6/2/97,1.19
6/9/97,1.187
6/16/97,1.172
6/23/97,1.162
6/30/97,1.153
7/7/97,1.159
7/14/97,1.152
7/21/97,1.147
7/28/97,1.145
8/4/97,1.155
8/11/97,1.168
8/18/97,1.167
8/25/97,1.169
9/1/97,1.165
9/8/97,1.163
9/15/97,1.156
9/22/97,1.154
9/29/97,1.16
10/6/97,1.175
10/13/97,1.185
10/20/97,1.185
10/27/97,1.185
11/3/97,1.188
11/10/97,1.19
11/17/97,1.195
11/24/97,1.193
12/1/97,1.189
12/8/97,1.174
12/15/97,1.162
12/22/97,1.155
12/29/97,1.15
1/5/98,1.147
1/12/98,1.126
1/19/98,1.109
1/26/98,1.096
2/2/98,1.091
2/9/98,1.085
2/16/98,1.082
2/23/98,1.079
3/2/98,1.074
3/9/98,1.066
3/16/98,1.057
3/23/98,1.049
3/30/98,1.068
4/6/98,1.067
4/13/98,1.065
4/20/98,1.065
4/27/98,1.07
5/4/98,1.072
5/11/98,1.075
5/18/98,1.069
5/25/98,1.06
6/1/98,1.053
6/8/98,1.045
6/15/98,1.04
6/22/98,1.033
6/29/98,1.034
7/6/98,1.036
7/13/98,1.031
7/20/98,1.027
7/27/98,1.02
8/3/98,1.016
8/10/98,1.01
8/17/98,1.007
8/24/98,1.004
8/31/98,1
9/7/98,1.009
9/14/98,1.019
9/21/98,1.03
9/28/98,1.039
10/5/98,1.041
10/12/98,1.041
10/19/98,1.036
10/26/98,1.036
11/2/98,1.035
11/9/98,1.034
11/16/98,1.026
11/23/98,1.012
11/30/98,1.004
12/7/98,0.986
12/14/98,0.972
12/21/98,0.968
12/28/98,0.966
1/4/99,0.965
1/11/99,0.967
1/18/99,0.97
1/25/99,0.964
2/1/99,0.962
2/8/99,0.962
2/15/99,0.959
2/22/99,0.953
3/1/99,0.956
3/8/99,0.964
3/15/99,1
3/22/99,1.018
3/29/99,1.046
4/5/99,1.075
4/12/99,1.084
4/19/99,1.08
4/26/99,1.078
5/3/99,1.078
5/10/99,1.083
5/17/99,1.075
5/24/99,1.066
5/31/99,1.065
6/7/99,1.059
6/14/99,1.068
6/21/99,1.082
6/28/99,1.087
7/5/99,1.102
7/12/99,1.114
7/19/99,1.133
7/26/99,1.137
8/2/99,1.146
8/9/99,1.156
8/16/99,1.178
8/23/99,1.186
8/30/99,1.194
9/6/99,1.198
9/13/99,1.209
9/20/99,1.226
9/27/99,1.226
10/4/99,1.234
10/11/99,1.228
10/18/99,1.224
10/25/99,1.226
11/1/99,1.229
11/8/99,1.234
11/15/99,1.261
11/22/99,1.289
11/29/99,1.304
12/6/99,1.294
12/13/99,1.288
12/20/99,1.287
12/27/99,1.298
1/3/00,1.309
1/10/00,1.307
1/17/00,1.307
1/24/00,1.418
1/31/00,1.439
2/7/00,1.47
2/14/00,1.456
2/21/00,1.456
2/28/00,1.461
3/6/00,1.49
3/13/00,1.496
3/20/00,1.479
3/27/00,1.451
4/3/00,1.442
4/10/00,1.419
4/17/00,1.398
4/24/00,1.428
5/1/00,1.418
5/8/00,1.402
5/15/00,1.415
5/22/00,1.432
5/29/00,1.431
6/5/00,1.419
6/12/00,1.411
6/19/00,1.423
6/26/00,1.432
7/3/00,1.453
7/10/00,1.449
7/17/00,1.435
7/24/00,1.424
7/31/00,1.408
8/7/00,1.41
8/14/00,1.447
8/21/00,1.471
8/28/00,1.536
9/4/00,1.609
9/11/00,1.629
9/18/00,1.653
9/25/00,1.657
10/2/00,1.625
10/9/00,1.614
10/16/00,1.67
10/23/00,1.648
10/30/00,1.629
11/6/00,1.61
11/13/00,1.603
11/20/00,1.627
11/27/00,1.645
12/4/00,1.622
12/11/00,1.577
12/18/00,1.545
12/25/00,1.515
1/1/01,1.522
1/8/01,1.52
1/15/01,1.509
1/22/01,1.528
1/29/01,1.539
2/5/01,1.52
2/12/01,1.518
2/19/01,1.48
2/26/01,1.451
3/5/01,1.42
3/12/01,1.406
3/19/01,1.392
3/26/01,1.379
4/2/01,1.391
4/9/01,1.397
4/16/01,1.437
4/23/01,1.443
4/30/01,1.442
5/7/01,1.47
5/14/01,1.491
5/21/01,1.494
5/28/01,1.529
6/4/01,1.514
6/11/01,1.486
6/18/01,1.48
6/25/01,1.447
7/2/01,1.407
7/9/01,1.392
7/16/01,1.38
7/23/01,1.348
7/30/01,1.347
8/6/01,1.345
8/13/01,1.367
8/20/01,1.394
8/27/01,1.452
9/3/01,1.488
9/10/01,1.492
9/17/01,1.527
9/24/01,1.473
10/1/01,1.39
10/8/01,1.371
10/15/01,1.353
10/22/01,1.318
10/29/01,1.31
11/5/01,1.291
11/12/01,1.269
11/19/01,1.252
11/26/01,1.223
12/3/01,1.194
12/10/01,1.173
12/17/01,1.143
12/24/01,1.154
12/31/01,1.169
1/7/02,1.168
1/14/02,1.159
1/21/02,1.14
1/28/02,1.144
2/4/02,1.144
2/11/02,1.153
2/18/02,1.156
2/25/02,1.154
3/4/02,1.173
3/11/02,1.216
3/18/02,1.251
3/25/02,1.281
4/1/02,1.295
4/8/02,1.323
4/15/02,1.32
4/22/02,1.304
4/29/02,1.302
5/6/02,1.305
5/13/02,1.299
5/20/02,1.309
5/27/02,1.308
6/3/02,1.3
6/10/02,1.286
6/17/02,1.275
6/24/02,1.281
7/1/02,1.289
7/8/02,1.294
7/15/02,1.3
7/22/02,1.311
7/29/02,1.303
8/5/02,1.304
8/12/02,1.303
8/19/02,1.333
8/26/02,1.37
9/2/02,1.388
9/9/02,1.396
9/16/02,1.414
9/23/02,1.417
9/30/02,1.438
10/7/02,1.46
10/14/02,1.461
10/21/02,1.469
10/28/02,1.456
11/4/02,1.442
11/11/02,1.427
11/18/02,1.405
11/25/02,1.405
12/2/02,1.407
12/9/02,1.405
12/16/02,1.401
12/23/02,1.44
12/30/02,1.491
1/6/03,1.501
1/13/03,1.478
1/20/03,1.48
1/27/03,1.492
2/3/03,1.542
2/10/03,1.662
2/17/03,1.704
2/24/03,1.709
3/3/03,1.753
3/10/03,1.771
3/17/03,1.752
3/24/03,1.662
3/31/03,1.602
4/7/03,1.554
4/14/03,1.539
4/21/03,1.529
4/28/03,1.508
5/5/03,1.484
5/12/03,1.444
5/19/03,1.443
5/26/03,1.434
6/2/03,1.423
6/9/03,1.422
6/16/03,1.432
6/23/03,1.423
6/30/03,1.42
7/7/03,1.428
7/14/03,1.435
7/21/03,1.439
7/28/03,1.438
8/4/03,1.453
8/11/03,1.492
8/18/03,1.498
8/25/03,1.503
9/1/03,1.501
9/8/03,1.488
9/15/03,1.471
9/22/03,1.444
9/29/03,1.429
10/6/03,1.445
10/13/03,1.483
10/20/03,1.502
10/27/03,1.495
11/3/03,1.481
11/10/03,1.476
11/17/03,1.481
11/24/03,1.491
12/1/03,1.476
12/8/03,1.481
12/15/03,1.486
12/22/03,1.504
12/29/03,1.502
1/5/04,1.503
1/12/04,1.551
1/19/04,1.559
1/26/04,1.591
2/2/04,1.581
2/9/04,1.568
2/16/04,1.584
2/23/04,1.595
3/1/04,1.619
3/8/04,1.628
3/15/04,1.617
3/22/04,1.641
3/29/04,1.642
4/5/04,1.648
4/12/04,1.679
4/19/04,1.724
4/26/04,1.718
5/3/04,1.717
5/10/04,1.745
5/17/04,1.763
5/24/04,1.761
5/31/04,1.746
6/7/04,1.734
6/14/04,1.711
6/21/04,1.7
6/28/04,1.7
7/5/04,1.716
7/12/04,1.74
7/19/04,1.744
7/26/04,1.754
8/2/04,1.78
8/9/04,1.814
8/16/04,1.825
8/23/04,1.874
8/30/04,1.871
9/6/04,1.869
9/13/04,1.874
9/20/04,1.912
9/27/04,2.012
10/4/04,2.053
10/11/04,2.092
10/18/04,2.18
10/25/04,2.212
11/1/04,2.206
11/8/04,2.163
11/15/04,2.132
11/22/04,2.116
11/29/04,2.116
12/6/04,2.069
12/13/04,1.997
12/20/04,1.984
12/27/04,1.987
1/3/05,1.957
1/10/05,1.934
1/17/05,1.952
1/24/05,1.959
1/31/05,1.992
2/7/05,1.983
2/14/05,1.986
2/21/05,2.02
2/28/05,2.118
3/7/05,2.168
3/14/05,2.194
3/21/05,2.244
3/28/05,2.249
4/4/05,2.303
4/11/05,2.316
4/18/05,2.259
4/25/05,2.289
5/2/05,2.262
5/9/05,2.227
5/16/05,2.189
5/23/05,2.156
5/30/05,2.16
6/6/05,2.234
6/13/05,2.276
6/20/05,2.313
6/27/05,2.336
7/4/05,2.348
7/11/05,2.408
7/18/05,2.392
7/25/05,2.342
8/1/05,2.348
8/8/05,2.407
8/15/05,2.567
8/22/05,2.588
8/29/05,2.59
9/5/05,2.898
9/12/05,2.847
9/19/05,2.732
9/26/05,2.798
10/3/05,3.144
10/10/05,3.15
10/17/05,3.148
10/24/05,3.157
10/31/05,2.876
11/7/05,2.698
11/14/05,2.602
11/21/05,2.513
11/28/05,2.479
12/5/05,2.425
12/12/05,2.436
12/19/05,2.462
12/26/05,2.448
1/2/06,2.442
1/9/06,2.485
1/16/06,2.449
1/23/06,2.472
1/30/06,2.489
2/6/06,2.499
2/13/06,2.476
2/20/06,2.455
2/27/06,2.471
3/6/06,2.545
3/13/06,2.543
3/20/06,2.581
3/27/06,2.565
4/3/06,2.617
4/10/06,2.654
4/17/06,2.765
4/24/06,2.876
5/1/06,2.896
5/8/06,2.897
5/15/06,2.92
5/22/06,2.888
5/29/06,2.882
6/5/06,2.89
6/12/06,2.918
6/19/06,2.915
6/26/06,2.867
7/3/06,2.898
7/10/06,2.918
7/17/06,2.926
7/24/06,2.946
7/31/06,2.98
8/7/06,3.055
8/14/06,3.065
8/21/06,3.033
8/28/06,3.027
9/4/06,2.967
9/11/06,2.857
9/18/06,2.713
9/25/06,2.595
10/2/06,2.546
10/9/06,2.506
10/16/06,2.503
10/23/06,2.524
10/30/06,2.517
11/6/06,2.506
11/13/06,2.552
11/20/06,2.553
11/27/06,2.567
12/4/06,2.618
12/11/06,2.621
12/18/06,2.606
12/25/06,2.596
1/1/07,2.58
1/8/07,2.537
1/15/07,2.463
1/22/07,2.43
1/29/07,2.413
2/5/07,2.435
2/12/07,2.476
2/19/07,2.491
2/26/07,2.551
3/5/07,2.626
3/12/07,2.685
3/19/07,2.681
3/26/07,2.676
4/2/07,2.79
4/9/07,2.84
4/16/07,2.877
4/23/07,2.851
4/30/07,2.811
5/7/07,2.792
5/14/07,2.773
5/21/07,2.803
5/28/07,2.817
6/4/07,2.799
6/11/07,2.792
6/18/07,2.805
6/25/07,2.835
7/2/07,2.829
7/9/07,2.849
7/16/07,2.889
7/23/07,2.889
7/30/07,2.886
8/6/07,2.898
8/13/07,2.847
8/20/07,2.868
8/27/07,2.863
9/3/07,2.893
9/10/07,2.924
9/17/07,2.964
9/24/07,3.032
10/1/07,3.048
10/8/07,3.035
10/15/07,3.039
10/22/07,3.094
10/29/07,3.157
11/5/07,3.303
11/12/07,3.425
11/19/07,3.41
11/26/07,3.444
12/3/07,3.416
12/10/07,3.325
12/17/07,3.309
12/24/07,3.308
12/31/07,3.345
1/7/08,3.376
1/14/08,3.326
1/21/08,3.27
1/28/08,3.259
2/4/08,3.28
2/11/08,3.28
2/18/08,3.396
2/25/08,3.552
3/3/08,3.658
3/10/08,3.819
3/17/08,3.974
3/24/08,3.989
3/31/08,3.964
4/7/08,3.955
4/14/08,4.059
4/21/08,4.143
4/28/08,4.177
5/5/08,4.149
5/12/08,4.331
5/19/08,4.497
5/26/08,4.723
6/2/08,4.707
6/9/08,4.692
6/16/08,4.692
6/23/08,4.648
6/30/08,4.645
7/7/08,4.727
7/14/08,4.764
7/21/08,4.718
7/28/08,4.603
8/4/08,4.502
8/11/08,4.353
8/18/08,4.207
8/25/08,4.145
9/1/08,4.121
9/8/08,4.059
9/15/08,4.023
9/22/08,3.958
9/29/08,3.959
10/6/08,3.875
10/13/08,3.659
10/20/08,3.482
10/27/08,3.288
11/3/08,3.088
11/10/08,2.944
11/17/08,2.809
11/24/08,2.664
12/1/08,2.615
12/8/08,2.515
12/15/08,2.422
12/22/08,2.366
12/29/08,2.327
1/5/09,2.291
1/12/09,2.314
1/19/09,2.296
1/26/09,2.268
2/2/09,2.246
2/9/09,2.219
2/16/09,2.186
2/23/09,2.13
3/2/09,2.087
3/9/09,2.045
3/16/09,2.017
3/23/09,2.09
3/30/09,2.221
4/6/09,2.228
4/13/09,2.229
4/20/09,2.221
4/27/09,2.201
5/4/09,2.185
5/11/09,2.216
5/18/09,2.231
5/25/09,2.274
6/1/09,2.352
6/8/09,2.498
6/15/09,2.572
6/22/09,2.616
6/29/09,2.608
7/6/09,2.594
7/13/09,2.542
7/20/09,2.496
7/27/09,2.528
8/3/09,2.55
8/10/09,2.625
8/17/09,2.652
8/24/09,2.668
8/31/09,2.674
9/7/09,2.647
9/14/09,2.634
9/21/09,2.622
9/28/09,2.601
10/5/09,2.582
10/12/09,2.6
10/19/09,2.705
10/26/09,2.801
11/2/09,2.808
11/9/09,2.801
11/16/09,2.79
11/23/09,2.787
11/30/09,2.775
12/7/09,2.772
12/14/09,2.748
12/21/09,2.726
12/28/09,2.732
1/4/10,2.797
1/11/10,2.879
1/18/10,2.87
1/25/10,2.833
2/1/10,2.781
2/8/10,2.769
2/15/10,2.756
2/22/10,2.832
3/1/10,2.861
3/8/10,2.904
3/15/10,2.924
3/22/10,2.946
3/29/10,2.939
4/5/10,3.015
4/12/10,3.069
4/19/10,3.074
4/26/10,3.078
5/3/10,3.122
5/10/10,3.127
5/17/10,3.094
5/24/10,3.021
5/31/10,2.98
6/7/10,2.946
6/14/10,2.928
6/21/10,2.961
6/28/10,2.956
7/5/10,2.924
7/12/10,2.903
7/19/10,2.899
7/26/10,2.919
8/2/10,2.928
8/9/10,2.991
8/16/10,2.979
8/23/10,2.957
8/30/10,2.938
9/6/10,2.931
9/13/10,2.943
9/20/10,2.96
9/27/10,2.951
10/4/10,3
10/11/10,3.066
10/18/10,3.073
10/25/10,3.067
11/1/10,3.067
11/8/10,3.116
11/15/10,3.184
11/22/10,3.171
11/29/10,3.162
12/6/10,3.197
12/13/10,3.231
12/20/10,3.248
12/27/10,3.294
1/3/11,3.331
1/10/11,3.333
1/17/11,3.407
1/24/11,3.43
1/31/11,3.438
2/7/11,3.513
2/14/11,3.534
2/21/11,3.573
2/28/11,3.716
3/7/11,3.871
3/14/11,3.908
3/21/11,3.907
3/28/11,3.932
4/4/11,3.976
4/11/11,4.078
4/18/11,4.105
4/25/11,4.098
5/2/11,4.124
5/9/11,4.104
5/16/11,4.061
5/23/11,3.997
5/30/11,3.948
6/6/11,3.94
6/13/11,3.954
6/20/11,3.95
6/27/11,3.888
7/4/11,3.85
7/11/11,3.899
7/18/11,3.923
7/25/11,3.949
8/1/11,3.937
8/8/11,3.897
8/15/11,3.835
8/22/11,3.81
8/29/11,3.82
9/5/11,3.868
9/12/11,3.862
9/19/11,3.833
9/26/11,3.786
10/3/11,3.749
10/10/11,3.721
10/17/11,3.801
10/24/11,3.825
10/31/11,3.892
11/7/11,3.887
11/14/11,3.987
11/21/11,4.01
11/28/11,3.964
12/5/11,3.931
12/12/11,3.894
12/19/11,3.828
12/26/11,3.791
1/2/12,3.783
1/9/12,3.828
1/16/12,3.854
1/23/12,3.848
1/30/12,3.85
2/6/12,3.856
2/13/12,3.943
2/20/12,3.96
2/27/12,4.051
3/5/12,4.094
3/12/12,4.123
3/19/12,4.142
3/26/12,4.147
4/2/12,4.142
4/9/12,4.148
4/16/12,4.127
4/23/12,4.085
4/30/12,4.073
5/7/12,4.057
5/14/12,4.004
5/21/12,3.956
5/28/12,3.897
6/4/12,3.846
6/11/12,3.781
6/18/12,3.729
6/25/12,3.678
7/2/12,3.648
7/9/12,3.683
7/16/12,3.695
7/23/12,3.783
7/30/12,3.796
8/6/12,3.85
8/13/12,3.965
8/20/12,4.026
8/27/12,4.089
9/3/12,4.127
9/10/12,4.132
9/17/12,4.135
9/24/12,4.086
10/1/12,4.079
10/8/12,4.094
10/15/12,4.15
10/22/12,4.116
10/29/12,4.03
11/5/12,4.01
11/12/12,3.98
11/19/12,3.976
11/26/12,4.034
12/3/12,4.027
12/10/12,3.991
12/17/12,3.945
12/24/12,3.923
12/31/12,3.918
1/7/13,3.911
1/14/13,3.894
1/21/13,3.902
1/28/13,3.927
2/4/13,4.022
2/11/13,4.104
2/18/13,4.157
2/25/13,4.159
3/4/13,4.13
3/11/13,4.088
3/18/13,4.047
3/25/13,4.006
4/1/13,3.993
4/8/13,3.977
4/15/13,3.942
4/22/13,3.887
4/29/13,3.851
5/6/13,3.845
5/13/13,3.866
5/20/13,3.89
5/27/13,3.88
6/3/13,3.869
6/10/13,3.849
6/17/13,3.841
6/24/13,3.838
7/1/13,3.817
7/8/13,3.828
7/15/13,3.867
7/22/13,3.903
7/29/13,3.915
8/5/13,3.909
8/12/13,3.896
8/19/13,3.9
8/26/13,3.913
9/2/13,3.981
9/9/13,3.981
9/16/13,3.974
9/23/13,3.949
9/30/13,3.919
10/7/13,3.897
10/14/13,3.886
10/21/13,3.886
10/28/13,3.87
11/4/13,3.857
11/11/13,3.832
11/18/13,3.822
11/25/13,3.844
12/2/13,3.883
12/9/13,3.879
12/16/13,3.871
12/23/13,3.873
12/30/13,3.903
1/6/14,3.91
1/13/14,3.886
1/20/14,3.873
1/27/14,3.904
2/3/14,3.951
2/10/14,3.977
2/17/14,3.989
2/24/14,4.017
3/3/14,4.016
3/10/14,4.021
3/17/14,4.003
3/24/14,3.988
3/31/14,3.975
4/7/14,3.959
4/14/14,3.952
4/21/14,3.971
4/28/14,3.975
5/5/14,3.964
5/12/14,3.948
5/19/14,3.934
5/26/14,3.925
6/2/14,3.918
6/9/14,3.892
6/16/14,3.882
6/23/14,3.919
6/30/14,3.92
7/7/14,3.913
7/14/14,3.894
7/21/14,3.869
7/28/14,3.858
8/4/14,3.853
8/11/14,3.843
8/18/14,3.835
8/25/14,3.821
9/1/14,3.814
9/8/14,3.814
9/15/14,3.801
9/22/14,3.778
9/29/14,3.755
10/6/14,3.733
10/13/14,3.698
10/20/14,3.656
10/27/14,3.635
11/3/14,3.623
11/10/14,3.677
11/17/14,3.661
11/24/14,3.628
12/1/14,3.605
12/8/14,3.535
12/15/14,3.419
12/22/14,3.281
12/29/14,3.213
1/5/15,3.137
1/12/15,3.053
1/19/15,2.933
1/26/15,2.866
2/2/15,2.831
2/9/15,2.835
2/16/15,2.865
2/23/15,2.9
3/2/15,2.936
3/9/15,2.944
3/16/15,2.917
3/23/15,2.864
3/30/15,2.824
4/6/15,2.784
4/13/15,2.754
4/20/15,2.78
4/27/15,2.811
5/4/15,2.854
5/11/15,2.878
5/18/15,2.904
5/25/15,2.914
6/1/15,2.909
6/8/15,2.884
6/15/15,2.87
6/22/15,2.859
6/29/15,2.843
7/6/15,2.832
7/13/15,2.814
7/20/15,2.782
7/27/15,2.723
8/3/15,2.668
8/10/15,2.617
8/17/15,2.615
8/24/15,2.561
8/31/15,2.514
9/7/15,2.534
9/14/15,2.517
9/21/15,2.493
9/28/15,2.476
10/5/15,2.492
10/12/15,2.556
10/19/15,2.531
10/26/15,2.498
11/2/15,2.485
11/9/15,2.502
11/16/15,2.482
11/23/15,2.445
11/30/15,2.421
12/7/15,2.379
12/14/15,2.338
12/21/15,2.284
12/28/15,2.237
1/4/16,2.211
1/11/16,2.177
1/18/16,2.112
1/25/16,2.071
2/1/16,2.031
2/8/16,2.008
2/15/16,1.98
2/22/16,1.983
2/29/16,1.989
3/7/16,2.021
3/14/16,2.099
3/21/16,2.119
3/28/16,2.121
4/4/16,2.115
4/11/16,2.128
4/18/16,2.165
4/25/16,2.198
5/2/16,2.266
5/9/16,2.271
5/16/16,2.297
5/23/16,2.357
5/30/16,2.382
6/6/16,2.407
6/13/16,2.431
6/20/16,2.426
6/27/16,2.426
7/4/16,2.423
7/11/16,2.414
7/18/16,2.402
7/25/16,2.379
8/1/16,2.348
8/8/16,2.316
8/15/16,2.31
8/22/16,2.37
8/29/16,2.409
9/5/16,2.407
9/12/16,2.399
9/19/16,2.389
9/26/16,2.382
10/3/16,2.389
10/10/16,2.445
10/17/16,2.481
10/24/16,2.478
10/31/16,2.479
11/7/16,2.47
11/14/16,2.443
11/21/16,2.421
11/28/16,2.42
12/5/16,2.48
12/12/16,2.493
12/19/16,2.527
12/26/16,2.54
1/2/17,2.586
1/9/17,2.597
1/16/17,2.585
1/23/17,2.569
1/30/17,2.562
2/6/17,2.558
2/13/17,2.565
2/20/17,2.572
2/27/17,2.577
3/6/17,2.579
3/13/17,2.564
3/20/17,2.539
3/27/17,2.532
4/3/17,2.556
4/10/17,2.582
4/17/17,2.597
4/24/17,2.595
5/1/17,2.583
5/8/17,2.565
5/15/17,2.544
5/22/17,2.539
5/29/17,2.571
6/5/17,2.564
6/12/17,2.524
6/19/17,2.489
6/26/17,2.465
7/3/17,2.472
7/10/17,2.481
7/17/17,2.491
7/24/17,2.507
7/31/17,2.531
8/7/17,2.581
8/14/17,2.598
8/21/17,2.596
8/28/17,2.605
9/4/17,2.758
9/11/17,2.802
9/18/17,2.791
9/25/17,2.788
10/2/17,2.792
10/9/17,2.776
10/16/17,2.787
10/23/17,2.797
10/30/17,2.819
11/6/17,2.882
11/13/17,2.915
11/20/17,2.912
11/27/17,2.926
12/4/17,2.922
12/11/17,2.91
12/18/17,2.901
12/25/17,2.903
1/1/18,2.973
1/8/18,2.996
1/15/18,3.028
1/22/18,3.025
1/29/18,3.07
2/5/18,3.086
2/12/18,3.063
2/19/18,3.027
2/26/18,3.007
3/5/18,2.992
3/12/18,2.976
3/19/18,2.972
3/26/18,3.01
4/2/18,3.042
4/9/18,3.043
4/16/18,3.104
4/23/18,3.133
4/30/18,3.157
5/7/18,3.171
5/14/18,3.239
5/21/18,3.277
5/28/18,3.288
6/4/18,3.285
6/11/18,3.266
6/18/18,3.244
6/25/18,3.216
7/2/18,3.236
7/9/18,3.243
7/16/18,3.239
7/23/18,3.22
7/30/18,3.226
8/6/18,3.223
8/13/18,3.217
8/20/18,3.207
8/27/18,3.226
9/3/18,3.252
9/10/18,3.258
9/17/18,3.268
9/24/18,3.271
10/1/18,3.313
10/8/18,3.385
10/15/18,3.394
10/22/18,3.38
10/29/18,3.355
11/5/18,3.338
11/12/18,3.317
11/19/18,3.282
11/26/18,3.261
12/3/18,3.207
12/10/18,3.161
12/17/18,3.121
12/24/18,3.077
12/31/18,3.048
1/7/19,3.013
1/14/19,2.976
1/21/19,2.965
1/28/19,2.965
2/4/19,2.966
2/11/19,2.966
2/18/19,3.006
2/25/19,3.048
3/4/19,3.076
3/11/19,3.079
3/18/19,3.07
3/25/19,3.08
4/1/19,3.078
4/8/19,3.093
4/15/19,3.118
4/22/19,3.147
4/29/19,3.169
5/6/19,3.171
5/13/19,3.16
5/20/19,3.163
5/27/19,3.151
6/3/19,3.136
6/10/19,3.105
6/17/19,3.07
6/24/19,3.043
7/1/19,3.042
7/8/19,3.055
7/15/19,3.051
7/22/19,3.044
7/29/19,3.034
8/5/19,3.032
8/12/19,3.011
8/19/19,2.994
8/26/19,2.983
9/2/19,2.976
9/9/19,2.971
9/16/19,2.987
9/23/19,3.081
9/30/19,3.066
10/7/19,3.047
10/14/19,3.051
10/21/19,3.05
10/28/19,3.064
11/4/19,3.062
11/11/19,3.073
11/18/19,3.074
11/25/19,3.066
12/2/19,3.07
12/9/19,3.049
12/16/19,3.046
12/23/19,3.041
12/30/19,3.069
1/6/20,3.079
1/13/20,3.064
1/20/20,3.037
1/27/20,3.01
2/3/20,2.956
2/10/20,2.91
2/17/20,2.89
2/24/20,2.882
3/2/20,2.851
3/9/20,2.814
3/16/20,2.733
3/23/20,2.659
3/30/20,2.586
4/6/20,2.548
4/13/20,2.507
4/20/20,2.48
4/27/20,2.437
5/4/20,2.399
5/11/20,2.394
5/18/20,2.386
5/25/20,2.39
6/1/20,2.386
6/8/20,2.396
6/15/20,2.403
6/22/20,2.425
6/29/20,2.43
7/6/20,2.437
7/13/20,2.438
7/20/20,2.433
7/27/20,2.427
8/3/20,2.424
8/10/20,2.428
8/17/20,2.427
8/24/20,2.426
8/31/20,2.441
9/7/20,2.435
9/14/20,2.422
9/21/20,2.404
9/28/20,2.394
10/5/20,2.387
10/12/20,2.395
10/19/20,2.388
10/26/20,2.385
11/2/20,2.372
11/9/20,2.383
11/16/20,2.441
11/23/20,2.462
11/30/20,2.502
12/7/20,2.526
12/14/20,2.559
12/21/20,2.619
12/28/20,2.635
1/4/21,2.64
1/11/21,2.67
1/18/21,2.696
1/25/21,2.716
2/1/21,2.738
2/8/21,2.801
2/15/21,2.876
2/22/21,2.973
3/1/21,3.072
3/8/21,3.143
3/15/21,3.191
3/22/21,3.194
3/29/21,3.161
4/5/21,3.144
4/12/21,3.129
4/19/21,3.124
4/26/21,3.124
5/3/21,3.142
5/10/21,3.186
5/17/21,3.249
5/24/21,3.253
5/31/21,3.255
6/7/21,3.274
6/14/21,3.286
6/21/21,3.287
6/28/21,3.3
7/5/21,3.331
7/12/21,3.338
7/19/21,3.344
7/26/21,3.342
8/2/21,3.367
8/9/21,3.364
8/16/21,3.356
8/23/21,3.324
8/30/21,3.339
9/6/21,3.373
9/13/21,3.372
9/20/21,3.385
9/27/21,3.406
10/4/21,3.477
10/11/21,3.586
10/18/21,3.671
10/25/21,3.713
11/1/21,3.727
11/8/21,3.73
11/15/21,3.734
11/22/21,3.724
11/29/21,3.72
12/6/21,3.674
12/13/21,3.649
12/20/21,3.626
12/27/21,3.615
1/3/22,3.613
1/10/22,3.657
1/17/22,3.725
1/24/22,3.78
1/31/22,3.846
2/7/22,3.951
2/14/22,4.019
2/21/22,4.055
2/28/22,4.104
3/7/22,4.849
3/14/22,5.25
3/21/22,5.134
3/28/22,5.185
4/4/22,5.144
4/11/22,5.073
4/18/22,5.101
4/25/22,5.16
5/2/22,5.509
5/9/22,5.623
5/16/22,5.613
5/23/22,5.571
5/30/22,5.539
6/6/22,5.703
6/13/22,5.718
6/20/22,5.81
6/27/22,5.783
7/4/22,5.675
7/11/22,5.568
7/18/22,5.432
7/25/22,5.268
8/1/22,5.138
8/8/22,4.993
8/15/22,4.911
8/22/22,4.909
8/29/22,5.115
9/5/22,5.084
9/12/22,5.033
9/19/22,4.964
9/26/22,4.889
10/3/22,4.836
10/10/22,5.224
10/17/22,5.339
10/24/22,5.341
10/31/22,5.317
11/7/22,5.333
11/14/22,5.313
11/21/22,5.233
11/28/22,5.141
12/5/22,4.967
12/12/22,4.754
12/19/22,4.596
12/26/22,4.537
1/2/23,4.583
1/9/23,4.549
1/16/23,4.524
1/23/23,4.604
1/30/23,4.622
2/6/23,4.539
2/13/23,4.444
2/20/23,4.376
2/27/23,4.294
3/6/23,4.282
3/13/23,4.247
3/20/23,4.185
3/27/23,4.128
4/3/23,4.105
4/10/23,4.098
4/17/23,4.116
4/24/23,4.077
5/1/23,4.018
5/8/23,3.922
5/15/23,3.897
5/22/23,3.883
5/29/23,3.855
6/5/23,3.797
6/12/23,3.794
6/19/23,3.815
6/26/23,3.801
7/3/23,3.767
7/10/23,3.806
7/17/23,3.806
7/24/23,3.905
7/31/23,4.127
8/7/23,4.239
8/14/23,4.378
8/21/23,4.389
8/28/23,4.475
9/4/23,4.492
9/11/23,4.54
9/18/23,4.633
9/25/23,4.586
10/2/23,4.593
10/9/23,4.498
10/16/23,4.444
10/23/23,4.545
10/30/23,4.454
11/6/23,4.366
11/13/23,4.294
11/20/23,4.209
11/27/23,4.146
12/4/23,4.092
12/11/23,3.987
12/18/23,3.894
12/25/23,3.914
1/1/24,3.876
1/8/24,3.828
1/15/24,3.863
1/22/24,3.838
1/29/24,3.867
2/5/24,3.899
2/12/24,4.109
2/19/24,4.109
2/26/24,4.058
3/4/24,4.022
3/11/24,4.004
3/18/24,4.028
3/25/24,4.034
4/1/24,3.996
4/8/24,4.061
4/15/24,4.015
4/22/24,3.992
4/29/24,3.947
5/6/24,3.894
5/13/24,3.848
5/20/24,3.789
5/27/24,3.758
6/3/24,3.726
6/10/24,3.658
6/17/24,3.735
6/24/24,3.769
7/1/24,3.813
7/8/24,3.865
7/15/24,3.826
7/22/24,3.779
7/29/24,3.768
8/5/24,3.755
8/12/24,3.704
8/19/24,3.688
8/26/24,3.651
9/2/24,3.625
9/9/24,3.555
9/16/24,3.526
9/23/24,3.539
9/30/24,3.544
10/7/24,3.584
10/14/24,3.631
10/21/24,3.553
10/28/24,3.573
11/4/24,3.536
11/11/24,3.521
11/18/24,3.491
11/25/24,3.539
12/2/24,3.54
12/9/24,3.458
12/16/24,3.494
12/23/24,3.476
12/30/24,3.503
1/6/25,3.561
1/13/25,3.602
1/20/25,3.715
1/27/25,3.659
2/3/25,3.66
2/10/25,3.665
2/17/25,3.677
2/24/25,3.697
3/3/25,3.635
3/10/25,3.582
3/17/25,3.549
3/24/25,3.567
3/31/25,3.592
4/7/25,3.639
4/14/25,3.579
4/21/25,3.534
4/28/25,3.514
5/5/25,3.497
5/12/25,3.476
5/19/25,3.536
5/26/25,3.487
6/2/25,3.451
6/9/25,3.471
6/16/25,3.571
6/23/25,3.775
6/30/25,3.727
7/7/25,3.739
7/14/25,3.758
7/21/25,3.812
7/28/25,3.805
8/4/25,3.8
8/11/25,3.754
8/18/25,3.713
8/25/25,3.708
9/1/25,3.734
9/8/25,3.766
9/15/25,3.739
9/22/25,3.749
9/29/25,3.754
10/6/25,3.711
10/13/25,3.665
10/20/25,3.62
10/27/25,3.718
11/3/25,3.753
11/10/25,3.837
11/17/25,3.868
11/24/25,3.831
12/1/25,3.758
12/8/25,3.665
12/15/25,3.607
12/22/25,3.544
12/29/25,3.5
1/5/26,3.477
1/12/26,3.459
1/19/26,3.53
1/26/26,3.624
2/2/26,3.681
2/9/26,3.688
2/16/26,3.711
2/23/26,3.809
3/2/26,3.897
3/9/26,4.859
3/16/26,5.071
3/23/26,5.375
3/30/26,5.401
4/6/26,5.643
4/13/26,5.608
4/20/26,5.403
4/27/26,5.351
5/4/26,5.64
5/11/26,5.639
5/18/26,5.596
5/25/26,5.523
6/1/26,5.35
6/8/26,5.21
6/15/26,5.059
6/22/26,4.832
6/29/26,4.668
7/6/26,4.578
7/13/26,4.796
7/20/26,5.134
7/27/26,5.313
8/3/26,5.348
8/10/26,5.257
8/17/26,5.454
8/24/26,5.652
8/31/26,5.599
9/7/26,5.967
9/14/26,6.285
9/21/26,6.529
9/28/26,6.382
10/5/26,6.199